OrderID,CustomerID,Restaurant,ItemLine,Price,Quantity,Discount,Date
11000,20627,Norway Maple,Table Cloth 54x72 Colour,413,3,30,3/31/2020
11000,20627,Norway Maple,Fruit Mix - Light,427,9,30,3/31/2020
11000,20627,Norway Maple,"Lemonade - Kiwi, 591 Ml",92,4,30,3/31/2020
11000,20627,Norway Maple,"Lettuce - Mini Greens, Whole",324,2,30,3/31/2020
11000,20627,Norway Maple,Mudslide,397,1,30,3/31/2020
11001,20484,Steensland,Island Oasis - Lemonade,363,2,30,12/29/2019
11001,20484,Steensland,"Mushroom - Morels, Dry",73,4,30,12/29/2019
11001,20484,Steensland,Wine - Chianti Classico Riserva,276,5,30,12/29/2019
11002,20458,Stuart,Salt - Table,280,5,40,7/14/2020
11002,20458,Stuart,Pork - Liver,215,1,40,7/14/2020
11003,20691,Novick,Chicken - Livers,198,3,30,9/1/2019
11003,20691,Novick,Soupfoamcont12oz 112con,374,6,30,9/1/2019
11004,20582,Montana,Lettuce - Frisee,421,1,60,1/9/2020
11004,20582,Montana,Crawfish,451,9,60,1/9/2020
11005,20397,1st,Appetizer - Seafood Assortment,367,2,40,7/26/2019
11005,20397,1st,Halibut - Steaks,100,6,40,7/26/2019
11008,20913,Sullivan,Soup - Campbells Beef Stew,388,4,30,3/20/2020
11008,20913,Sullivan,Bread - Petit Baguette,311,3,30,3/20/2020
11009,20371,Express,Salad Dressing,52,3,20,7/28/2019
11010,20653,Macpherson,"Wine - Mas Chicet Rose, Vintage",89,6,30,11/26/2019
11010,20653,Macpherson,Chinese Foods - Thick Noodles,441,1,30,11/26/2019
11010,20653,Macpherson,"Soup - Canadian Pea, Dry Mix",343,3,30,11/26/2019
11011,20412,Birchwood,"Lamb - Leg, Bone In",310,10,60,8/21/2019
11011,20412,Birchwood,"Beef - Tongue, Fresh",150,4,60,8/21/2019
11011,20412,Birchwood,Muffin Chocolate Individual Wrap,297,5,60,8/21/2019
11012,20709,Carpenter,Soup Campbells Beef With Veg,72,7,60,5/7/2020
11012,20709,Carpenter,Grapes - Black,489,4,60,5/7/2020
11014,20161,Maywood,Beer - Fruli,435,6,50,7/22/2019
11014,20161,Maywood,"Wine - White, French Cross",250,1,50,7/22/2019
11015,20220,Pennsylvania,"Marsala - Sperone, Fine, D.o.c.",69,7,40,2/4/2020
11015,20220,Pennsylvania,Pails With Lids,87,5,40,2/4/2020
11016,20342,Golf,Mousse - Passion Fruit,188,9,30,3/15/2020
11016,20342,Golf,V8 Splash Strawberry Kiwi,168,1,30,3/15/2020
11017,20513,Sommers,Pineapple - Regular,477,8,60,4/23/2020
11017,20513,Sommers,Puree - Guava,271,8,60,4/23/2020
11017,20513,Sommers,"Juice - Grape, White",269,10,60,4/23/2020
11018,20797,Barnett,Everfresh Products,379,6,40,9/26/2019
11018,20797,Barnett,Yukon Jack,257,8,40,9/26/2019
11019,20825,Heath,Muffin Mix - Raisin Bran,400,8,20,12/9/2019
11019,20825,Heath,"Wine - White, Chardonnay",99,5,20,12/9/2019
11020,20589,Burrows,"Wine - White, Pinot Grigio",359,9,40,11/15/2019
11021,20075,Bellgrove,Bananas,355,10,20,11/5/2019
11022,20336,Cascade,Black Currants,129,7,10,7/22/2019
11024,20165,Corscot,"Jam - Blackberry, 20 Ml Jar",191,7,50,5/4/2020
11025,20154,Bobwhite,"Bar Mix - Pina Colada, 355 Ml",180,10,30,2/19/2020
11027,20895,Mcguire,Beets - Golden,271,3,30,9/19/2019
11027,20895,Mcguire,Sage - Ground,271,7,30,9/19/2019
11028,20069,School,Sauce - Balsamic Viniagrette,92,8,30,6/25/2020
11028,20069,School,Beets - Golden,271,2,30,6/25/2020
11029,20842,Cambridge,Muffin Mix - Carrot,368,5,60,1/24/2020
11030,20757,Tomscot,Napkin White - Starched,449,2,40,7/11/2020
11030,20757,Tomscot,Turkey Leg With Drum And Thigh,67,9,40,7/11/2020
11032,20305,Northridge,Macaroons - Two Bite Choc,446,3,60,10/4/2019
11033,20795,Sloan,Bouq All Italian - Primerba,227,10,50,6/3/2020
11035,20091,Barnett,Kohlrabi,371,4,60,11/7/2019
11036,20627,Reinke,"Chilli Paste, Ginger Garlic",443,7,10,10/26/2019
11036,20627,Reinke,Plastic Arrow Stir Stick,89,6,10,10/26/2019
11036,20627,Reinke,Wine - Mondavi Coastal Private,434,9,10,10/26/2019
11036,20627,Reinke,Ham - Procutinni,418,4,10,10/26/2019
11037,20836,School,Wine - Magnotta - Cab Franc,324,9,20,11/15/2019
11037,20836,School,Wine - Ruffino Chianti,182,4,20,11/15/2019
11037,20836,School,Lobster - Tail 6 Oz,480,7,20,11/15/2019
11038,20328,Clarendon,Food Colouring - Red,65,1,60,12/18/2019
11041,20333,Forest Run,Bar - Sweet And Salty Chocolate,298,10,40,3/11/2020
11041,20333,Forest Run,Green Scrubbie Pad H.duty,498,8,40,3/11/2020
11042,20053,Ilene,"Rum - Spiced, Captain Morgan",293,8,50,5/2/2020
11043,20508,Di Loreto,Turkey Tenderloin Frozen,220,8,50,5/26/2020
11043,20508,Di Loreto,Mahi Mahi,109,1,50,5/26/2020
11043,20508,Di Loreto,"Marjoram - Dried, Rubbed",289,3,50,5/26/2020
11044,20309,Manufacturers,Munchies Honey Sweet Trail Mix,168,4,20,5/4/2020
11044,20309,Manufacturers,Wine - Marlbourough Sauv Blanc,290,8,20,5/4/2020
11044,20309,Manufacturers,Chocolate - Compound Coating,390,6,20,5/4/2020
11046,20790,Warrior,"Wine - Magnotta - Red, Baco",184,10,20,6/23/2020
11047,20689,Stephen,Nantucket - Orange Mango Cktl,164,6,10,4/28/2020
11049,20867,Ryan,Sprouts - Alfalfa,142,8,50,2/29/2020
11049,20867,Ryan,Cheese - Shred Cheddar / Mozza,215,4,50,2/29/2020
11050,20203,5th,Cherries - Frozen,55,7,10,12/6/2019
11052,21000,Twin Pines,"Brandy - Orange, Mc Guiness",279,7,60,7/18/2020
11054,20182,Debs,Muffin Hinge - 211n,377,1,10,9/4/2019
11054,20182,Debs,"Pepper - Chillies, Crushed",265,10,10,9/4/2019
11055,21000,Starling,Ice Cream Bar - Oreo Sandwich,270,9,40,5/16/2020
11055,21000,Starling,"Noodles - Cellophane, Thin",207,9,40,5/16/2020
11055,21000,Starling,Sesame Seed Black,304,1,40,5/16/2020
11057,20960,Graceland,"Capon - Breast, Wing On",307,8,20,12/29/2019
11058,20686,Luster,Bread - Italian Roll With Herbs,391,2,20,3/4/2020
11059,20832,Melvin,Nori Sea Weed - Gold Label,469,10,50,1/11/2020
11059,20832,Melvin,Beans - Kidney White,371,10,50,1/11/2020
11059,20832,Melvin,Pastry - Mini French Pastries,92,2,50,1/11/2020
11059,20832,Melvin,Goulash Seasoning,378,5,50,1/11/2020
11060,20698,Chive,Vaccum Bag 10x13,151,5,60,12/21/2019
11060,20698,Chive,"Mushroom - Oyster, Fresh",409,8,60,12/21/2019
11060,20698,Chive,Water - Aquafina Vitamin,297,2,60,12/21/2019
11061,20145,Everett,The Pop Shoppe - Root Beer,146,3,50,2/8/2020
11062,20376,Magdeline,Wine - Lou Black Shiraz,167,4,60,3/4/2020
11063,20925,Myrtle,Bar Bran Honey Nut,400,8,30,8/6/2019
11063,20925,Myrtle,Jicama,434,10,30,8/6/2019
11064,20839,Schlimgen,Cookies - Englishbay Oatmeal,151,3,10,11/29/2019
11067,20309,Garrison,Coconut - Whole,163,2,20,6/7/2020
11067,20309,Garrison,"Lid - Translucent, 3.5 And 6 Oz",193,4,20,6/7/2020
11067,20309,Garrison,Soup - Campbells - Tomato,138,6,20,6/7/2020
11068,20616,Porter,Fireball Whisky,111,3,40,9/9/2019
11068,20616,Porter,Papadam,75,1,40,9/9/2019
11069,20755,Huxley,Sauce - Alfredo,430,6,10,8/10/2019
11069,20755,Huxley,Radish - Pickled,265,10,10,8/10/2019
11069,20755,Huxley,Red Currant Jelly,241,3,10,8/10/2019
11070,20101,Dapin,Bread Foccacia Whole,351,7,40,12/14/2019
11071,20821,Saint Paul,Chicken - Whole,305,1,30,9/20/2019
11072,20737,Burrows,Sole - Fillet,462,5,50,6/4/2020
11073,20984,Straubel,Tuna - Bluefin,307,3,40,12/11/2019
11073,20984,Straubel,"Schnappes - Peach, Walkers",140,5,40,12/11/2019
11073,20984,Straubel,Oregano - Fresh,241,8,40,12/11/2019
11075,20994,Sheridan,"Plate - Foam, Bread And Butter",95,1,10,6/2/2020
11075,20994,Sheridan,Crab - Soft Shell,461,2,10,6/2/2020
11077,20684,Schlimgen,Garbag Bags - Black,353,8,30,7/2/2020
11078,20296,Sherman,Flour - Pastry,108,2,40,9/19/2019
11079,20923,Bayside,Bread - Mini Hamburger Bun,148,8,20,1/3/2020
11079,20923,Bayside,Paper Cocktail Umberlla 80 - 180,142,4,20,1/3/2020
11080,20514,Golf View,"Bread - Bagels, Mini",234,8,30,1/10/2020
11082,20874,Talmadge,Wine - Balbach Riverside,291,7,40,9/17/2019
11082,20874,Talmadge,Numi - Assorted Teas,199,8,40,9/17/2019
11082,20874,Talmadge,Peach - Fresh,387,9,40,9/17/2019
11083,20810,Mitchell,Almonds Ground Blanched,227,5,10,9/27/2019
11084,20700,Milwaukee,Hand Towel,206,4,50,2/24/2020
11084,20700,Milwaukee,Bread Base - Toscano,266,7,50,2/24/2020
11085,20957,Myrtle,Wine - Pinot Noir Pond Haddock,455,8,60,7/24/2019
11085,20957,Myrtle,Soup Campbells - Tomato Bisque,352,2,60,7/24/2019
11085,20957,Myrtle,"Rice Pilaf, Dry,package",330,6,60,7/24/2019
11086,20075,Bonner,"Spoon - Soup, Plastic",310,7,50,1/5/2020
11086,20075,Bonner,Crab - Soft Shell,461,8,50,1/5/2020
11087,20288,Basil,Bay Leaf,434,7,10,3/6/2020
11088,20451,Granby,Mcguinness - Blue Curacao,373,8,20,1/22/2020
11089,20949,Chive,"Rum - Light, Captain Morgan",161,6,10,10/11/2019
11090,20015,Shasta,"Pasta - Cannelloni, Sheets, Fresh",378,7,50,9/1/2019
11091,20447,Fallview,Pastry - Butterscotch Baked,388,2,30,5/19/2020
11092,20551,Golf Course,Cocoa Powder - Dutched,373,3,40,10/27/2019
11092,20551,Golf Course,"Turkey - Breast, Smoked",52,5,40,10/27/2019
11093,20084,Northport,Rosemary - Dry,166,6,40,11/25/2019
11094,20236,Nelson,Bacardi Mojito,197,6,20,11/11/2019
11094,20236,Nelson,Sauce - Salsa,339,3,20,11/11/2019
11094,20236,Nelson,"Bread - Pumpernickle, Rounds",83,8,20,11/11/2019
11095,20279,Chive,Chicken - Tenderloin,113,8,60,2/29/2020
11095,20279,Chive,Wine - Sogrape Mateus Rose,63,6,60,2/29/2020
11096,20097,Bellgrove,Wine - Tio Pepe Sherry Fino,84,6,10,4/13/2020
11096,20097,Bellgrove,Salmon Steak - Cohoe 6 Oz,114,1,10,4/13/2020
11097,20473,Elka,Lettuce - Spring Mix,215,7,20,11/25/2019
11097,20473,Elka,Wine - Fat Bastard Merlot,88,5,20,11/25/2019
11098,20235,Brickson Park,"Halibut - Whole, Fresh",259,10,30,11/25/2019
11099,20058,Stoughton,Puree - Mocha,237,5,10,9/7/2019
11101,20606,Bartelt,"Wine - White, Ej",364,4,50,9/29/2019
11101,20606,Bartelt,Oil - Cooking Spray,173,5,50,9/29/2019
11102,20296,Pennsylvania,Bagel - Everything,491,1,40,4/21/2020
11102,20296,Pennsylvania,Wine - Muscadet Sur Lie,272,10,40,4/21/2020
11105,20084,Melody,Flower - Carnations,123,2,60,10/9/2019
11106,20493,Commercial,"Fish - Artic Char, Cold Smoked",325,4,50,12/4/2019
11106,20493,Commercial,Lamb Rack - Ontario,476,7,50,12/4/2019
11107,20412,5th,Cheese - Perron Cheddar,410,5,60,5/9/2020
11107,20412,5th,Tomatoes - Hot House,385,6,60,5/9/2020
11110,20049,Tony,Eggplant Oriental,371,7,60,5/21/2020
11110,20049,Tony,Oyster - In Shell,198,6,60,5/21/2020
11110,20049,Tony,Grapes - Black,489,9,60,5/21/2020
11111,20056,Heath,Jameson Irish Whiskey,393,3,50,2/20/2020
11111,20056,Heath,"Beef - Bones, Cut - Up",436,6,50,2/20/2020
11111,20056,Heath,Bread - Flat Bread,333,3,50,2/20/2020
11111,20056,Heath,Grapefruit - Pink,305,6,50,2/20/2020
11112,20608,Florence,External Supplier,430,1,20,10/15/2019
11113,20360,Rusk,Beer - Blue,258,4,40,3/25/2020
11114,20269,Hoepker,"Jam - Marmalade, Orange",488,9,60,5/17/2020
11114,20269,Hoepker,Appetizer - Crab And Brie,91,10,60,5/17/2020
11114,20269,Hoepker,Bagelers - Cinn / Brown,140,1,60,5/17/2020
11114,20269,Hoepker,"Split Peas - Yellow, Dry",492,2,60,5/17/2020
11114,20269,Hoepker,Vaccum Bag 10x13,151,2,60,5/17/2020
11115,20447,Elgar,External Supplier,430,7,10,5/10/2020
11117,20300,4th,Bread - Rosemary Focaccia,197,7,30,10/14/2019
11117,20300,4th,Pasta - Agnolotti - Butternut,65,6,30,10/14/2019
11117,20300,4th,"Veal - Tenderloin, Untrimmed",284,1,30,10/14/2019
11117,20300,4th,Crackers Cheez It,391,3,30,10/14/2019
11118,20174,Gina,Muffin Hinge 117n,148,9,30,10/21/2019
11118,20174,Gina,Cheese - La Sauvagine,256,10,30,10/21/2019
11118,20174,Gina,"Mushroom - Enoki, Dry",279,6,30,10/21/2019
11118,20174,Gina,Muffin Mix - Chocolate Chip,206,6,30,10/21/2019
11119,20750,Fallview,Ham - Cooked Italian,482,4,50,8/22/2019
11119,20750,Fallview,"Vermouth - Sweet, Cinzano",383,1,50,8/22/2019
11120,20764,Dennis,Juice - Apple Cider,496,3,30,4/1/2020
11122,20139,Bultman,Water - Spring Water 500ml,99,10,50,10/14/2019
11124,20413,Maryland,"Tabasco Sauce, 2 Oz",299,8,30,4/14/2020
11128,20476,American,Beans - Fine,458,7,30,10/27/2019
11128,20476,American,Lady Fingers,130,1,30,10/27/2019
11129,20751,Porter,Otomegusa Dashi Konbu,440,2,30,6/8/2020
11129,20751,Porter,Pimento - Canned,392,6,30,6/8/2020
11129,20751,Porter,Sugar Thermometer,480,5,30,6/8/2020
11129,20751,Porter,Scallops - In Shell,77,5,30,6/8/2020
11130,20478,Raven,Ice Cream Bar - Oreo Cone,387,1,30,8/11/2019
11131,20479,Marquette,Cookie Double Choco,53,7,20,6/4/2020
11132,20324,Continental,Pepper - Chili Powder,457,5,60,8/8/2019
11132,20324,Continental,Sobe - Orange Carrot,233,8,60,8/8/2019
11132,20324,Continental,Nantucket - Pomegranate Pear,443,8,60,8/8/2019
11132,20324,Continental,Instant Coffee,416,4,60,8/8/2019
11132,20324,Continental,Phyllo Dough,69,3,60,8/8/2019
11133,20349,Sachs,Wakami Seaweed,363,7,50,10/28/2019
11134,20542,Birchwood,Fond - Neutral,173,10,40,3/25/2020
11134,20542,Birchwood,"Soup - Knorr, Country Bean",270,7,40,3/25/2020
11135,20750,Toban,Juice - Orangina,412,8,20,10/18/2019
11137,20856,Eagle Crest,Bread Base - Italian,197,7,30,7/3/2020
11137,20856,Eagle Crest,Bread - Olive Dinner Roll,429,7,30,7/3/2020
11137,20856,Eagle Crest,Cake - French Pear Tart,61,2,30,7/3/2020
11139,20706,Tennessee,Sesame Seed Black,304,2,50,11/7/2019
11139,20706,Tennessee,"Lid - Translucent, 3.5 And 6 Oz",193,9,50,11/7/2019
11139,20706,Tennessee,Soup - Campbells Chili Veg,365,6,50,11/7/2019
11140,20555,Warrior,"Pork - Loin, Bone - In",413,9,60,9/6/2019
11140,20555,Warrior,Wine - Zinfandel California 2002,83,3,60,9/6/2019
11140,20555,Warrior,Sambuca - Opal Nera,340,3,60,9/6/2019
11140,20555,Warrior,Wine - Sawmill Creek Autumn,274,6,60,9/6/2019
11140,20555,Warrior,Almonds Ground Blanched,227,4,60,9/6/2019
11144,20223,Fallview,"Cheese - Mozzarella, Buffalo",342,10,60,9/22/2019
11144,20223,Fallview,Dry Ice,131,9,60,9/22/2019
11146,20292,Stone Corner,Mushroom - White Button,268,3,30,8/23/2019
11146,20292,Stone Corner,"Soup - Campbells, Chix Gumbo",472,6,30,8/23/2019
11147,20260,Thierer,Beer - Original Organic Lager,383,8,30,12/8/2019
11147,20260,Thierer,V8 Pet,154,4,30,12/8/2019
11148,20755,Village Green,"Yogurt - Banana, 175 Gr",449,7,10,7/12/2020
11149,20411,7th,Muffin Mix - Raisin Bran,400,5,40,8/1/2019
11150,20450,Birchwood,Pork - Smoked Kassler,462,9,30,11/15/2019
11150,20450,Birchwood,Dried Peach,413,1,30,11/15/2019
11150,20450,Birchwood,Appetizer - Escargot Puff,483,9,30,11/15/2019
11151,20676,Morningstar,Gatorade - Orange,279,10,50,10/11/2019
11152,20964,Merrick,Cake Slab,340,2,20,1/12/2020
11152,20964,Merrick,Veal - Eye Of Round,56,7,20,1/12/2020
11153,20088,Moulton,Cookie Trail Mix,413,1,30,3/25/2020
11153,20088,Moulton,Muffin Chocolate Individual Wrap,297,4,30,3/25/2020
11153,20088,Moulton,Cheese - Mozzarella,488,6,30,3/25/2020
11153,20088,Moulton,Table Cloth 90x90 White,325,2,30,3/25/2020
11154,20795,Northport,"Dill - Primerba, Paste",315,6,60,9/4/2019
11155,20876,Continental,Beans - Butter Lrg Lima,156,8,30,11/18/2019
11155,20876,Continental,Carrots - Mini Red Organic,245,4,30,11/18/2019
11155,20876,Continental,"Oil - Truffle, Black",469,9,30,11/18/2019
11155,20876,Continental,Beer - Heinekin,314,10,30,11/18/2019
11156,20259,Northview,Garlic - Peeled,468,3,20,4/24/2020
11159,20665,Hermina,Wine - Hardys Bankside Shiraz,338,8,20,12/31/2019
11159,20665,Hermina,Bar Nature Valley,310,2,20,12/31/2019
11159,20665,Hermina,Bagelers - Cinn / Brown,140,2,20,12/31/2019
11160,20977,Lighthouse Bay,"Pasta - Elbows, Macaroni, Dry",274,4,30,11/26/2019
11161,20671,Westend,"Lid - Translucent, 3.5 And 6 Oz",193,10,20,10/22/2019
11161,20671,Westend,Flour - Rye,488,2,20,10/22/2019
11162,20627,Sauthoff,"Shrimp - Baby, Warm Water",273,6,40,6/4/2020
11162,20627,Sauthoff,Trout - Smoked,128,5,40,6/4/2020
11163,20801,Veith,"Crush - Orange, 355ml",80,5,50,11/1/2019
11164,20691,Rockefeller,Red Currants,469,1,50,3/25/2020
11164,20691,Rockefeller,Shrimp - Black Tiger 26/30,59,3,50,3/25/2020
11164,20691,Rockefeller,Dc - Sakura Fu,409,2,50,3/25/2020
11165,20476,Nevada,Wine - Delicato Merlot,347,5,60,1/28/2020
11166,20212,Dapin,Pork - Back Ribs,212,4,50,10/9/2019
11168,21000,Fallview,"Bread - Roll, Whole Wheat",71,4,40,10/2/2019
11168,21000,Fallview,"Water - Mineral, Carbonated",334,6,40,10/2/2019
11169,20772,Hermina,Papayas,407,6,50,1/3/2020
11169,20772,Hermina,Frangelico,482,6,50,1/3/2020
11169,20772,Hermina,Pasta - Orecchiette,349,4,50,1/3/2020
11171,20458,Stone Corner,Sauce Bbq Smokey,328,10,10,2/26/2020
11171,20458,Stone Corner,Ham - Cooked Bayonne Tinned,136,2,10,2/26/2020
11172,20793,Marcy,Grapefruit - White,313,4,40,12/27/2019
11172,20793,Marcy,Longos - Penne With Pesto,266,4,40,12/27/2019
11172,20793,Marcy,Basil - Pesto Sauce,67,6,40,12/27/2019
11172,20793,Marcy,"Nut - Cashews, Whole, Raw",215,5,40,12/27/2019
11173,20579,Express,Squid - U - 10 Thailand,101,8,30,4/26/2020
11173,20579,Express,"Nut - Almond, Blanched, Sliced",483,10,30,4/26/2020
11174,20976,Mitchell,Bread Cranberry Foccacia,290,1,30,5/21/2020
11174,20976,Mitchell,"Wine - Red, Cooking",452,9,30,5/21/2020
11174,20976,Mitchell,French Pastry - Mini Chocolate,375,2,30,5/21/2020
11175,20187,Eliot,Coffee Cup 8oz 5338cd,194,7,50,11/11/2019
11176,20789,Magdeline,"Water - Mineral, Carbonated",334,5,30,8/23/2019
11176,20789,Magdeline,"Salmon - Atlantic, Fresh, Whole",320,3,30,8/23/2019
11177,20424,Grover,"Turkey - Breast, Bone - In",302,4,50,6/4/2020
11178,20466,Butterfield,"Tortillas - Flour, 12",423,5,30,7/29/2019
11178,20466,Butterfield,"Shrimp - 21/25, Peel And Deviened",78,5,30,7/29/2019
11178,20466,Butterfield,Salt - Sea,116,8,30,7/29/2019
11178,20466,Butterfield,Bread - Ciabatta Buns,492,4,30,7/29/2019
11179,20236,Mayfield,Bread Base - Gold Formel,142,5,10,12/12/2019
11179,20236,Mayfield,Hersey Shakes,172,7,10,12/12/2019
11180,20586,Lillian,Energy - Boo - Koo,218,1,60,5/16/2020
11180,20586,Lillian,Sausage - Blood Pudding,180,10,60,5/16/2020
11181,20614,Forest Run,Tomatoes Tear Drop Yellow,424,2,30,6/2/2020
11181,20614,Forest Run,Cookie - Dough Variety,169,7,30,6/2/2020
11184,20464,Veith,"Trout - Rainbow, Fresh",477,4,30,5/26/2020
11186,20209,Bultman,Icecream - Dibs,444,2,50,9/4/2019
11186,20209,Bultman,Vinegar - Red Wine,302,9,50,9/4/2019
11186,20209,Bultman,Petit Baguette,482,7,50,9/4/2019
11186,20209,Bultman,Beef - Tender Tips,61,2,50,9/4/2019
11188,20782,Express,Eggplant Italian,438,5,60,3/15/2020
11188,20782,Express,Wine - Port Late Bottled Vintage,435,10,60,3/15/2020
11188,20782,Express,Plasticspoonblack,112,8,60,3/15/2020
11188,20782,Express,Chips - Assorted,381,6,60,3/15/2020
11189,20824,Mitchell,Chicken - Base,104,5,20,9/15/2019
11189,20824,Mitchell,"Beef - Ox Tail, Frozen",204,2,20,9/15/2019
11189,20824,Mitchell,Nantucket Apple Juice,53,6,20,9/15/2019
11189,20824,Mitchell,"Beef - Bones, Marrow",191,1,20,9/15/2019
11190,20594,Lerdahl,Wine - Sake,343,10,10,12/7/2019
11191,20120,Dahle,Beer - Camerons Cream Ale,191,7,10,11/26/2019
11191,20120,Dahle,"Wine - Red, Wolf Blass, Yellow",337,10,10,11/26/2019
11192,20432,Burning Wood,"Tabasco Sauce, 2 Oz",299,10,30,10/4/2019
11193,20924,Michigan,"Coconut - Shredded, Unsweet",238,7,20,6/25/2020
11194,20173,Chinook,Longos - Lasagna Veg,382,8,50,6/18/2020
11196,20809,Mitchell,"Wine - Red, Marechal Foch",306,7,40,12/6/2019
11196,20809,Mitchell,Ecolab - Hand Soap Form Antibac,321,7,40,12/6/2019
11196,20809,Mitchell,Coffee - Frthy Coffee Crisp,317,6,40,12/6/2019
11197,20935,Jay,Cups 10oz Trans,385,7,40,7/21/2020
11197,20935,Jay,Lamb - Loin Chops,186,6,40,7/21/2020
11198,20985,Heath,Cheese - Comte,321,4,50,7/7/2020
11198,20985,Heath,Nori Sea Weed - Gold Label,469,9,50,7/7/2020
11198,20985,Heath,"Juice - V8, Tomato",50,9,50,7/7/2020
11199,20197,Dixon,"Salmon - Atlantic, No Skin",266,5,50,9/22/2019
11200,20279,Glacier Hill,"Pork - Loin, Bone - In",413,9,50,7/7/2020
11200,20279,Glacier Hill,Longan,190,5,50,7/7/2020
11201,20842,Grayhawk,Ice Cream - Vanilla,319,7,60,1/11/2020
11202,20389,Bayside,"Lid - Translucent, 3.5 And 6 Oz",193,8,60,5/17/2020
11203,20067,Lindbergh,Beef - Shank,92,1,20,4/15/2020
11203,20067,Lindbergh,Muffin Mix - Chocolate Chip,206,1,20,4/15/2020
11204,20654,Delladonna,Bar Special K,387,9,20,7/8/2020
11205,20049,Eliot,Longos - Grilled Veg Sandwiches,165,5,50,12/5/2019
11205,20049,Eliot,"Mushroom - Enoki, Fresh",382,8,50,12/5/2019
11206,20317,Butterfield,"Star Anise, Whole",81,8,60,1/2/2020
11206,20317,Butterfield,"Nut - Chestnuts, Whole",423,9,60,1/2/2020
11207,20460,Forest Run,Apple - Fuji,432,2,60,2/14/2020
11207,20460,Forest Run,Nougat - Paste / Cream,386,9,60,2/14/2020
11207,20460,Forest Run,Cheese - Pied De Vents,243,8,60,2/14/2020
11207,20460,Forest Run,Lotus Root,449,6,60,2/14/2020
11208,20091,Brickson Park,Tia Maria,247,7,60,6/25/2020
11208,20091,Brickson Park,Flavouring - Orange,57,7,60,6/25/2020
11209,20213,Northport,"Beef - Bones, Cut - Up",436,6,50,8/21/2019
11211,20606,Northwestern,Wine - Manischewitz Concord,210,7,50,5/10/2020
11211,20606,Northwestern,"Lemonade - Kiwi, 591 Ml",92,3,50,5/10/2020
11213,20943,Tony,Tandoori Curry Paste,234,10,50,4/14/2020
11214,20068,Hovde,Carbonated Water - Blackcherry,100,2,30,12/24/2019
11214,20068,Hovde,Wine - Chablis J Moreau Et Fils,156,7,30,12/24/2019
11214,20068,Hovde,Alize Red Passion,330,6,30,12/24/2019
11215,20479,8th,Bagelers - Cinn / Brown,140,4,60,5/26/2020
11215,20479,8th,Wine - Muscadet Sur Lie,272,1,60,5/26/2020
11216,20249,Eastwood,Butter - Pod,280,7,50,8/18/2019
11216,20249,Eastwood,Meldea Green Tea Liquor,241,4,50,8/18/2019
11216,20249,Eastwood,Wine - Sauvignon Blanc,179,6,50,8/18/2019
11217,20365,Stone Corner,Wine - Sauvignon Blanc,179,7,50,4/11/2020
11217,20365,Stone Corner,Ecolab - Mikroklene 4/4 L,480,4,50,4/11/2020
11218,20542,Holmberg,Pork - European Side Bacon,339,1,50,8/13/2019
11218,20542,Holmberg,"Apple - Delicious, Red",303,7,50,8/13/2019
11219,20684,Jackson,Rice - Brown,417,1,40,11/12/2019
11220,20513,4th,Flour - All Purpose,497,6,50,10/28/2019
11220,20513,4th,Kippers - Smoked,128,8,50,10/28/2019
11221,20670,Chinook,Bread Roll Foccacia,265,7,60,5/20/2020
11222,20309,Lakewood Gardens,"Pasta - Lasagna, Dry",176,5,40,7/28/2019
11223,20067,Rockefeller,Bread - Dark Rye,237,2,20,10/28/2019
11224,20269,Saint Paul,Vaccum Bag 10x13,151,7,50,2/29/2020
11225,20858,Lindbergh,Soup - Campbells Mushroom,432,2,20,10/12/2019
11225,20858,Lindbergh,Barramundi,486,2,20,10/12/2019
11227,20291,Straubel,Onion Powder,487,2,10,6/30/2020
11227,20291,Straubel,Wine - Balbach Riverside,291,3,10,6/30/2020
11227,20291,Straubel,Wine - Vineland Estate Semi - Dry,274,5,10,6/30/2020
11228,20349,Luster,Sun - Dried Tomatoes,160,7,40,6/4/2020
11230,20223,8th,Skewers - Bamboo,285,9,50,5/25/2020
11231,20701,Crest Line,Wine - Sawmill Creek Autumn,274,7,20,8/24/2019
11232,20894,Myrtle,Cup - Translucent 7 Oz Clear,260,2,10,8/2/2019
11233,20867,Warner,Gatorade - Cool Blue Raspberry,206,5,60,4/26/2020
11234,21000,Fallview,Shrimp - Black Tiger 26/30,59,6,60,7/16/2020
11235,20292,Atwood,Temperature Recording Station,375,1,40,3/16/2020
11236,20818,Saint Paul,"Chilli Paste, Hot Sambal Oelek",311,6,40,7/11/2020
11237,20548,Eagle Crest,Sauce - Hollandaise,301,1,20,10/20/2019
11240,20269,Bonner,Dried Peach,413,9,30,7/2/2020
11240,20269,Bonner,Muffin Mix - Banana Nut,364,4,30,7/2/2020
11240,20269,Bonner,Squash - Pepper,298,8,30,7/2/2020
11240,20269,Bonner,Pork - Sausage Casing,223,8,30,7/2/2020
11242,20165,Spaight,"Bread - Roll, Calabrese",413,7,20,7/21/2020
11242,20165,Spaight,Flavouring - Orange,57,1,20,7/21/2020
11244,20595,Mayfield,"Vodka - Hot, Lnferno",299,10,50,2/17/2020
11244,20595,Mayfield,Figs,462,4,50,2/17/2020
11245,20087,Gulseth,Cocoa Butter,66,10,30,8/9/2019
11246,20923,Di Loreto,Foam Cup 6 Oz,331,2,40,3/30/2020
11247,20371,Monica,Soup - Base Broth Beef,296,3,50,1/23/2020
11247,20371,Monica,Ham - Cooked Bayonne Tinned,136,7,50,1/23/2020
11248,20010,Vernon,Cheese - Ricotta,121,9,50,8/3/2019
11248,20010,Vernon,Foil - 4oz Custard Cup,147,10,50,8/3/2019
11248,20010,Vernon,Sage Derby,439,8,50,8/3/2019
11249,20472,Stone Corner,Strawberries - California,104,1,40,11/9/2019
11249,20472,Stone Corner,Soup Campbells - Italian Wedding,137,2,40,11/9/2019
11250,20725,Surrey,Baking Powder,189,6,60,2/1/2020
11250,20725,Surrey,Skirt - 24 Foot,386,9,60,2/1/2020
11251,20309,Nova,"Fish - Artic Char, Cold Smoked",325,5,30,5/30/2020
11251,20309,Nova,Garlic,435,7,30,5/30/2020
11252,20067,Debs,Crab - Soft Shell,461,3,40,3/4/2020
11252,20067,Debs,Coriander - Ground,471,6,40,3/4/2020
11252,20067,Debs,Nescafe - Frothy French Vanilla,162,3,40,3/4/2020
11252,20067,Debs,Thyme - Fresh,73,10,40,3/4/2020
11253,20972,8th,Blueberries - Frozen,314,8,10,7/21/2020
11254,20677,Sunbrook,Pheasants - Whole,89,4,30,8/20/2019
11255,20250,Hovde,Pear - Halves,116,6,40,1/23/2020
11256,20949,Bultman,Bandage - Finger Cots,145,10,50,6/17/2020
11256,20949,Bultman,Lidsoupcont Rp12dn,477,10,50,6/17/2020
11257,20975,6th,Anisette - Mcguiness,166,7,10,5/4/2020
11257,20975,6th,Tofu - Soft,155,8,10,5/4/2020
11257,20975,6th,"Cheese - Boursin, Garlic / Herbs",217,5,10,5/4/2020
11258,20773,Anzinger,Temperature Recording Station,375,1,40,1/4/2020
11259,20093,Dakota,Olives - Nicoise,481,1,20,3/20/2020
11260,20295,Golf,Straw - Regular,397,6,40,4/4/2020
11260,20295,Golf,Sausage - Andouille,446,10,40,4/4/2020
11260,20295,Golf,"Marjoram - Dried, Rubbed",289,10,40,4/4/2020
11263,20365,Surrey,Cheese - Roquefort Pappillon,206,2,40,6/5/2020
11264,20572,Marcy,Breadfruit,188,10,20,9/17/2019
11265,20531,Straubel,Salmon Steak - Cohoe 8 Oz,144,2,40,4/14/2020
11266,20579,Rowland,Coriander - Seed,458,4,20,10/11/2019
11266,20579,Rowland,Dill Weed - Fresh,376,9,20,10/11/2019
11267,20291,Hallows,Eel Fresh,210,6,30,7/8/2020
11267,20291,Hallows,"C - Plus, Orange",328,9,30,7/8/2020
11269,20979,Lighthouse Bay,Red Pepper Paste,420,10,10,2/29/2020
11272,20134,Oak,Monkfish Fresh - Skin Off,203,5,20,12/27/2019
11272,20134,Oak,Cheese - Blue,214,4,20,12/27/2019
11273,20999,Moulton,Wine - Sawmill Creek Autumn,274,3,20,9/11/2019
11274,20086,Armistice,Vinegar - Red Wine,302,7,50,1/6/2020
11274,20086,Armistice,Pastry - Baked Scones - Mini,336,1,50,1/6/2020
11275,20450,Coolidge,Island Oasis - Cappucino Mix,369,5,60,11/11/2019
11275,20450,Coolidge,Wine - Trimbach Pinot Blanc,388,6,60,11/11/2019
11276,20676,Transport,Fennel - Seeds,206,8,30,2/8/2020
11276,20676,Transport,Table Cloth 54x72 Colour,413,10,30,2/8/2020
11277,20977,Prairieview,Appetiser - Bought,75,9,10,5/13/2020
11278,20360,Nevada,"Tomatoes - Cherry, Yellow",492,5,60,4/21/2020
11280,20913,Dakota,Table Cloth 81x81 White,214,1,30,3/20/2020
11280,20913,Dakota,Ecolab Crystal Fusion,198,5,30,3/20/2020
11281,20417,Mesta,Venison - Denver Leg Boneless,178,6,20,7/3/2020
11281,20417,Mesta,Lamb - Sausage Casings,346,3,20,7/3/2020
11282,20054,Gina,Sobe - Tropical Energy,245,4,60,12/23/2019
11282,20054,Gina,"Onions - Dried, Chopped",156,9,60,12/23/2019
11282,20054,Gina,Wine - Pinot Noir Stoneleigh,478,3,60,12/23/2019
11284,20554,Novick,"Pail - 15l White, With Handle",336,2,50,6/8/2020
11285,20706,Oneill,Salmon - Fillets,343,7,60,9/7/2019
11285,20706,Oneill,Bread - Assorted Rolls,283,9,60,9/7/2019
11285,20706,Oneill,"Bread - Roll, Italian",213,2,60,9/7/2019
11289,20041,Continental,Olives - Morracan Dired,68,9,50,3/10/2020
11290,20964,Daystar,Five Alive Citrus,394,7,10,2/26/2020
11291,20453,Arizona,Pastry - Banana Tea Loaf,61,2,10,4/15/2020
11292,20556,Summerview,Broccoli - Fresh,302,6,40,4/24/2020
11293,20057,6th,Breadfruit,188,3,10,2/28/2020
11293,20057,6th,Sesame Seed Black,304,9,10,2/28/2020
11294,20291,Lillian,Chevere Logs,433,5,10,7/29/2019
11295,20148,Chinook,Longos - Chicken Cordon Bleu,452,1,10,3/28/2020
11295,20148,Chinook,Tea - Decaf Lipton,120,3,10,3/28/2020
11295,20148,Chinook,"Seedlings - Buckwheat, Organic",296,10,10,3/28/2020
11296,20012,Porter,Flour - Whole Wheat,268,5,40,2/17/2020
11296,20012,Porter,Pasta - Canelloni,367,10,40,2/17/2020
11297,20957,Green,Broccoli - Fresh,302,3,60,12/9/2019
11297,20957,Green,Chips - Assorted,381,9,60,12/9/2019
11297,20957,Green,Bouillion - Fish,127,4,60,12/9/2019
11297,20957,Green,"Juice - Tomato, 10 Oz",308,5,60,12/9/2019
11297,20957,Green,Flower - Potmums,69,3,60,12/9/2019
11298,20984,Esch,Onion Powder,487,6,60,1/22/2020
11299,20467,Menomonie,Soup - Campbells Bean Medley,222,1,40,4/24/2020
11299,20467,Menomonie,"Doilies - 12, Paper",57,4,40,4/24/2020
11300,20075,Cambridge,Wine - Jaboulet Cotes Du Rhone,58,9,10,12/14/2019
11302,20097,Ridgeway,Juice - Propel Sport,58,6,50,5/4/2020
11304,20726,Longview,Extract - Lemon,146,2,40,8/9/2019
11305,20772,Grover,The Pop Shoppe Pinapple,438,9,60,11/24/2019
11305,20772,Grover,White Fish - Filets,371,9,60,11/24/2019
11305,20772,Grover,"Liqueur Banana, Ramazzotti",104,9,60,11/24/2019
11308,20304,Lien,Aspic - Amber,500,10,30,8/26/2019
11309,20043,Pawling,Onions - Red,278,4,30,8/30/2019
11310,20173,Gulseth,"Wine - White, Gewurtzraminer",445,2,60,4/11/2020
11310,20173,Gulseth,Bread - Corn Muffaletta,213,6,60,4/11/2020
11310,20173,Gulseth,"Potatoes - Instant, Mashed",296,9,60,4/11/2020
11310,20173,Gulseth,Garbage Bags - Clear,144,7,60,4/11/2020
11311,20750,Milwaukee,"Cheese - Brie, Cups 125g",212,3,60,2/29/2020
11312,20672,Grover,Soup - French Onion,272,9,40,1/18/2020
11313,20498,Garrison,Steel Wool,351,1,20,12/25/2019
11314,20156,Bunting,Amarula Cream,472,5,50,6/18/2020
11314,20156,Bunting,Five Alive Citrus,394,10,50,6/18/2020
11314,20156,Bunting,Sauce - Oyster,433,10,50,6/18/2020
11314,20156,Bunting,"Nut - Walnut, Pieces",458,8,50,6/18/2020
11314,20156,Bunting,Pastry - Raisin Muffin - Mini,380,6,50,6/18/2020
11314,20156,Bunting,Juice - Prune,229,7,50,6/18/2020
11314,20156,Bunting,Soho Lychee Liqueur,238,5,50,6/18/2020
11316,20318,Coolidge,"Tart Shells - Savory, 4",288,6,10,1/3/2020
11316,20318,Coolidge,Rice - 7 Grain Blend,313,8,10,1/3/2020
11316,20318,Coolidge,Kippers - Smoked,128,1,10,1/3/2020
11317,20807,Grim,Tuna - Sushi Grade,341,4,50,4/28/2020
11317,20807,Grim,Beef - Rib Eye Aaa,169,7,50,4/28/2020
11319,20876,Charing Cross,"Bread - Roll, Whole Wheat",71,5,30,6/8/2020
11320,20739,Shoshone,Cream - 35%,135,2,10,12/4/2019
11322,20858,Harper,"Lamb - Whole, Fresh",302,1,20,1/3/2020
11323,20480,Packers,"Wine - Harrow Estates, Vidal",354,10,40,11/5/2019
11323,20480,Packers,Eggroll,177,10,40,11/5/2019
11324,20996,Ohio,Cup - Paper 10oz 92959,74,4,60,8/8/2019
11324,20996,Ohio,"Doilies - 12, Paper",57,9,60,8/8/2019
11325,20978,Shelley,Appetizer - Escargot Puff,483,8,30,12/23/2019
11325,20978,Shelley,"Thyme - Lemon, Fresh",250,1,30,12/23/2019
11325,20978,Shelley,"Cheese - Cheddar, Medium",51,6,30,12/23/2019
11326,20677,Birchwood,"Beans - Black Bean, Preserved",107,3,30,11/5/2019
11326,20677,Birchwood,Cranberries - Fresh,364,8,30,11/5/2019
11327,20232,Eagan,Amarula Cream,472,6,10,8/18/2019
11328,20360,Stang,Cheese - Colby,210,3,50,7/12/2020
11328,20360,Stang,Longos - Assorted Sandwich,384,3,50,7/12/2020
11329,20237,Magdeline,Chocolate Bar - Reese Pieces,230,6,20,3/22/2020
11329,20237,Magdeline,Durian Fruit,482,7,20,3/22/2020
11330,20903,Stoughton,"Roe - Lump Fish, Red",459,6,60,9/14/2019
11331,20184,International,Tumeric,308,4,30,4/21/2020
11331,20184,International,Bar - Sweet And Salty Chocolate,298,3,30,4/21/2020
11331,20184,International,Cookie Double Choco,53,6,30,4/21/2020
11333,20453,Graceland,Sesame Seed,94,10,30,12/14/2019
11335,20044,Bayside,Kahlua,70,2,30,6/15/2020
11336,20108,Macpherson,Shark - Loin,383,2,60,3/24/2020
11336,20108,Macpherson,Ice Cream - Fudge Bars,256,2,60,3/24/2020
11336,20108,Macpherson,Appetizer - Assorted Box,478,5,60,3/24/2020
11336,20108,Macpherson,Beef - Bresaola,145,1,60,3/24/2020
11339,20241,Montana,Carbonated Water - Strawberry,423,2,40,6/26/2020
11339,20241,Montana,Broccoli - Fresh,302,3,40,6/26/2020
11339,20241,Montana,Cookie Chocolate Chip With,211,1,40,6/26/2020
11341,20241,Maywood,Honey - Comb,175,7,20,5/26/2020
11342,20654,Novick,Crab - Meat Combo,236,2,60,1/16/2020
11344,20011,Holmberg,Butter - Pod,280,5,60,5/6/2020
11344,20011,Holmberg,Wine - Remy Pannier Rose,146,4,60,5/6/2020
11345,20753,Dixon,Cape Capensis - Fillet,268,5,20,9/8/2019
11346,20453,Heffernan,"Beef - Roasted, Cooked",284,8,30,2/28/2020
11346,20453,Heffernan,"Lemonade - Island Tea, 591 Ml",147,2,30,2/28/2020
11348,20520,Walton,Chocolate - Feathers,386,2,50,10/19/2019
11350,20480,Talmadge,Chocolate Bar - Reese Pieces,230,2,50,9/11/2019
11351,20708,Harper,Cotton Wet Mop 16 Oz,236,9,10,7/19/2020
11351,20708,Harper,Cheese Cloth,454,5,10,7/19/2020
11352,20520,Dixon,Instant Coffee,416,2,50,7/25/2019
11352,20520,Dixon,Vodka - Moskovskaya,326,1,50,7/25/2019
11354,20590,Del Mar,"Basil - Primerba, Paste",265,3,30,4/4/2020
11355,20718,Mallory,Pie Filling - Pumpkin,373,8,50,10/12/2019
11355,20718,Mallory,Pan Grease,228,5,50,10/12/2019
11355,20718,Mallory,"Bread - Roll, Canadian Dinner",470,7,50,10/12/2019
11355,20718,Mallory,English Muffin,485,7,50,10/12/2019
11356,20965,Summer Ridge,Flour - Bread,346,7,10,8/7/2019
11356,20965,Summer Ridge,Wine - Lamancha Do Crianza,332,4,10,8/7/2019
11357,20420,Pine View,Puff Pastry - Sheets,100,4,20,5/26/2020
11357,20420,Pine View,Flavouring - Orange,57,5,20,5/26/2020
11357,20420,Pine View,"Mushroom - Shitake, Dry",146,10,20,5/26/2020
11358,20371,Independence,Wine - Dubouef Macon - Villages,212,7,50,3/19/2020
11360,20706,Heffernan,Cheese - Cheddar With Claret,405,1,60,12/21/2019
11361,20305,Monica,Lettuce - Lambs Mash,381,7,60,9/20/2019
11362,20078,Shasta,Blouse / Shirt / Sweater,428,1,10,3/28/2020
11362,20078,Shasta,Pop - Club Soda Can,353,2,10,3/28/2020
11363,20602,Hermina,Myers Planters Punch,233,9,50,6/2/2020
11363,20602,Hermina,"Wine - Mas Chicet Rose, Vintage",89,8,50,6/2/2020
11364,20607,Pawling,Cheese - Ricotta,121,9,20,4/15/2020
11364,20607,Pawling,Ocean Spray - Kiwi Strawberry,105,10,20,4/15/2020
11365,20605,Florence,"Fish - Base, Bouillion",418,9,10,1/20/2020
11365,20605,Florence,Wine - Pinot Grigio Collavini,500,10,10,1/20/2020
11365,20605,Florence,Port - 74 Brights,108,2,10,1/20/2020
11366,20965,Golf Course,Oil - Coconut,62,7,60,2/11/2020
11366,20965,Golf Course,Tequila - Sauza Silver,324,7,60,2/11/2020
11366,20965,Golf Course,Soup - Campbells Beef Strogonoff,241,7,60,2/11/2020
11366,20965,Golf Course,Mints - Striped Red,294,9,60,2/11/2020
11367,20619,Farmco,Cheese - Comtomme,428,8,10,5/26/2020
11367,20619,Farmco,Sobe - Liz Blizz,193,6,10,5/26/2020
11368,20288,Oneill,Pear - Asian,465,7,20,6/15/2020
11368,20288,Oneill,Soup - Campbells Mac N Cheese,66,9,20,6/15/2020
11369,20324,Morningstar,Melon - Watermelon Yellow,175,5,60,11/9/2019
11369,20324,Morningstar,Tarragon - Fresh,312,6,60,11/9/2019
11369,20324,Morningstar,Crab - Meat Combo,236,5,60,11/9/2019
11370,20809,Eastwood,Muffin - Mix - Mango Sour Cherry,123,4,40,3/6/2020
11371,20839,Cascade,Muskox - French Rack,312,1,40,2/29/2020
11372,20860,Forster,Chutney Sauce,406,9,40,7/24/2019
11372,20860,Forster,"Pasta - Spaghetti, Dry",170,9,40,7/24/2019
11373,20432,Talmadge,Oil - Pumpkinseed,330,2,60,5/12/2020
11376,20264,Transport,Beef - Inside Round,199,7,30,11/7/2019
11376,20264,Transport,Cloves - Ground,293,9,30,11/7/2019
11377,20739,Marquette,"Juice - Grapefruit, 341 Ml",243,5,20,12/24/2019
11377,20739,Marquette,Duck - Whole,495,4,20,12/24/2019
11378,20595,Loftsgordon,Compound - Raspberry,426,6,20,2/23/2020
11379,20726,East,Pepperoni Slices,475,9,30,9/9/2019
11379,20726,East,"Bread - White, Sliced",286,2,30,9/9/2019
11381,20199,Hoffman,Container - Clear 32 Oz,467,10,40,10/21/2019
11381,20199,Hoffman,Salmon Steak - Cohoe 8 Oz,144,10,40,10/21/2019
11381,20199,Hoffman,Soy Protein,166,10,40,10/21/2019
11381,20199,Hoffman,Cape Capensis - Fillet,268,2,40,10/21/2019
11382,20543,Debs,Chicken - White Meat With Tender,133,3,60,12/6/2019
11383,20701,Jenna,Apple - Royal Gala,105,8,20,9/24/2019
11383,20701,Jenna,"Coke - Diet, 355 Ml",374,3,20,9/24/2019
11383,20701,Jenna,Pepper Squash,378,4,20,9/24/2019
11383,20701,Jenna,"Juice - Tomato, 48 Oz",182,7,20,9/24/2019
11383,20701,Jenna,"Nut - Almond, Blanched, Sliced",483,4,20,9/24/2019
11383,20701,Jenna,Rabbit - Saddles,259,8,20,9/24/2019
11384,20887,Clarendon,Mix - Cocktail Strawberry Daiquiri,481,8,60,6/17/2020
11386,20904,Trailsway,Wine - Stoneliegh Sauvignon,178,10,40,3/22/2020
11388,20417,Bonner,Broom Handle,299,8,60,2/4/2020
11389,20501,Twin Pines,Flour Pastry Super Fine,141,6,50,5/18/2020
11389,20501,Twin Pines,"Bread - Sticks, Thin, Plain",431,2,50,5/18/2020
11389,20501,Twin Pines,"Wine - Red, Colio Cabernet",206,1,50,5/18/2020
11390,20676,Armistice,Vegetable - Base,73,8,40,1/4/2020
11391,20395,Oak Valley,Wine - Redchard Merritt,58,6,30,5/4/2020
11392,20054,Anniversary,"Fish - Artic Char, Cold Smoked",325,10,20,12/5/2019
11392,20054,Anniversary,Amaretto,495,6,20,12/5/2019
11394,20822,Killdeer,"Rum - Cream, Amarula",240,10,50,8/29/2019
11395,20462,Butterfield,Bread - Italian Corn Meal Poly,487,6,10,3/24/2020
11395,20462,Butterfield,Wine - Toasted Head,462,6,10,3/24/2020
11395,20462,Butterfield,Cake - Box Window 10x10x2.5,383,4,10,3/24/2020
11396,20420,Stephen,Oil - Sesame,302,3,30,2/29/2020
11396,20420,Stephen,Apple - Custard,490,8,30,2/29/2020
11396,20420,Stephen,"Chestnuts - Whole,canned",99,5,30,2/29/2020
11396,20420,Stephen,Apple - Macintosh,87,4,30,2/29/2020
11397,20442,Straubel,Rosemary - Fresh,163,9,10,9/24/2019
11397,20442,Straubel,"Juice - Apple, 500 Ml",341,6,10,9/24/2019
11397,20442,Straubel,Chicken - Livers,198,5,10,9/24/2019
11397,20442,Straubel,Tomatillo,355,2,10,9/24/2019
11397,20442,Straubel,Huck White Towels,223,10,10,9/24/2019
11397,20442,Straubel,Bread - Italian Roll With Herbs,391,10,10,9/24/2019
11398,20596,Moulton,"Pepper - Green, Chili",394,2,10,2/24/2020
11398,20596,Moulton,"Juice - Cranberry, 341 Ml",411,4,10,2/24/2020
11399,20753,Superior,Vacuum Bags 12x16,291,5,60,3/4/2020
11399,20753,Superior,Longos - Grilled Veg Sandwiches,165,7,60,3/4/2020
11400,20376,Ruskin,Squash - Sunburst,299,6,50,10/15/2019
11400,20376,Ruskin,Table Cloth 62x120 White,250,6,50,10/15/2019
11401,20801,Arizona,Hagen Daza - Dk Choocolate,78,8,40,12/10/2019
11402,20080,Shasta,Muffin Batt - Ban Dream Zero,188,2,50,2/15/2020
11402,20080,Shasta,Beef - Tenderloin,172,8,50,2/15/2020
11404,20665,Fordem,Flax Seed,304,8,60,6/8/2020
11404,20665,Fordem,Lychee,75,8,60,6/8/2020
11404,20665,Fordem,"Pepsi, 355 Ml",60,8,60,6/8/2020
11407,20984,Hoepker,Lamb - Bones,285,5,60,9/3/2019
11407,20984,Hoepker,"Beef - Ox Tongue, Pickled",95,6,60,9/3/2019
11408,20003,Mosinee,Table Cloth 62x120 White,250,6,20,9/3/2019
11408,20003,Mosinee,"Brocolinni - Gaylan, Chinese",135,3,20,9/3/2019
11408,20003,Mosinee,Beef - Tenderloin,172,7,20,9/3/2019
11408,20003,Mosinee,"Wine - Niagara,vqa Reisling",269,3,20,9/3/2019
11409,20524,Pond,Soup Bowl Clear 8oz92008,442,2,50,8/3/2019
11409,20524,Pond,Cookies - Englishbay Wht,73,1,50,8/3/2019
11410,20670,Forest,Bread - White Mini Epi,174,3,20,3/31/2020
11412,20306,Cherokee,Sauce - Roasted Red Pepper,303,5,20,5/17/2020
11413,20469,Michigan,Amaretto,495,5,60,3/31/2020
11413,20469,Michigan,Muffin Mix - Raisin Bran,400,10,60,3/31/2020
11414,20264,Surrey,Bar Mix - Lemon,165,10,20,9/13/2019
11414,20264,Surrey,Zucchini - Yellow,222,9,20,9/13/2019
11415,20789,Warner,Wine - Magnotta - Pinot Gris Sr,78,9,10,3/11/2020
11415,20789,Warner,Flour - Rye,488,9,10,3/11/2020
11417,20590,Florence,Tomatillo,355,10,20,2/7/2020
11417,20590,Florence,Pate - Cognac,352,3,20,2/7/2020
11417,20590,Florence,"Pasta - Lasagna, Dry",176,10,20,2/7/2020
11419,20145,Anniversary,Cheese - Ricotta,121,5,40,11/18/2019
11419,20145,Anniversary,Pastry - Lemon Danish - Mini,185,4,40,11/18/2019
11420,20943,Badeau,"Nut - Pistachio, Shelled",427,4,60,7/3/2020
11421,20641,Starling,Vaccum Bag 10x13,151,10,50,4/20/2020
11422,20326,Ilene,"Orange - Canned, Mandarin",369,7,30,5/6/2020
11423,20464,Anderson,Peas Snow,277,10,50,8/17/2019
11423,20464,Anderson,"Pasta - Linguini, Dry",425,8,50,8/17/2019
11425,20838,Hovde,Pears - Bosc,167,4,10,7/8/2020
11425,20838,Hovde,Pork - Belly Fresh,335,3,10,7/8/2020
11425,20838,Hovde,Dc - Frozen Momji,456,10,10,7/8/2020
11426,20215,Holmberg,Kohlrabi,371,3,30,8/11/2019
11427,20668,Waubesa,Squid - Breaded,366,7,60,1/13/2020
11427,20668,Waubesa,"Veal - Inside Round / Top, Lean",309,2,60,1/13/2020
11428,20551,Emmet,Plaintain,177,10,60,7/13/2020
11428,20551,Emmet,Flour - Cake,452,8,60,7/13/2020
11432,20101,Independence,Pasta - Cheese / Spinach Bauletti,66,2,10,10/9/2019
11432,20101,Independence,"Mushroom - Enoki, Fresh",382,6,10,10/9/2019
11432,20101,Independence,"Chicken - Leg, Boneless",271,5,10,10/9/2019
11434,20698,Loeprich,Tea - English Breakfast,378,8,10,1/28/2020
11434,20698,Loeprich,Coffee - Hazelnut Cream,99,3,10,1/28/2020
11434,20698,Loeprich,Broom And Broom Rack White,244,10,10,1/28/2020
11435,20870,7th,Greens Mustard,473,7,40,6/7/2020
11435,20870,7th,Cumin - Ground,128,10,40,6/7/2020
11439,20000,Muir,"Pasta - Rotini, Dry",455,8,30,2/22/2020
11439,20000,Muir,Wine - Sauvignon Blanc Oyster,321,8,30,2/22/2020
11441,20342,Anniversary,Shopper Bag - S - 4,446,9,40,12/7/2019
11442,20057,Prairieview,Soup Campbells - Italian Wedding,137,6,60,5/17/2020
11444,20984,Northridge,Lettuce - Spring Mix,215,10,50,5/21/2020
11444,20984,Northridge,Wheat - Soft Kernal Of Wheat,264,2,50,5/21/2020
11444,20984,Northridge,Cod - Fillets,352,8,50,5/21/2020
11445,20450,Farwell,Kellogs Cereal In A Cup,341,3,40,5/11/2020
11445,20450,Farwell,Sprouts - Peppercress,184,8,40,5/11/2020
11446,20605,Oak,Soup - Campbells Tomato Ravioli,407,3,40,10/27/2019
11447,20510,Gina,Onions - Spanish,157,9,50,1/2/2020
11447,20510,Gina,Syrup - Monin - Granny Smith,452,4,50,1/2/2020
11448,20847,Magdeline,Beef - Top Sirloin,56,6,40,8/3/2019
11448,20847,Magdeline,Table Cloth 54x72 White,188,4,40,8/3/2019
11449,20054,Lawn,Ecolab - Power Fusion,57,2,30,2/7/2020
11449,20054,Lawn,"Crab - Blue, Frozen",270,2,30,2/7/2020
11449,20054,Lawn,Cheese Cloth,454,7,30,2/7/2020
11450,20198,Shasta,Smoked Tongue,121,6,30,7/18/2020
11450,20198,Shasta,Pie Filling - Apple,237,5,30,7/18/2020
11450,20198,Shasta,Wine - Wyndham Estate Bin 777,60,3,30,7/18/2020
11450,20198,Shasta,Waffle Stix,182,9,30,7/18/2020
11451,20078,8th,Bread - Italian Sesame Poly,66,6,40,9/24/2019
11452,20996,Macpherson,"Crab - Claws, 26 - 30",290,6,50,1/18/2020
11452,20996,Macpherson,Pernod,356,1,50,1/18/2020
11453,20636,Debs,Cookies Almond Hazelnut,171,5,50,8/5/2019
11453,20636,Debs,Soup - Campbells,176,6,50,8/5/2019
11453,20636,Debs,Baking Powder,189,1,50,8/5/2019
11454,20876,Fair Oaks,Bouillion - Fish,127,6,30,12/30/2019
11456,20454,Tennessee,Tea - Vanilla Chai,239,10,40,2/1/2020
11456,20454,Tennessee,Onions Granulated,454,1,40,2/1/2020
11457,20291,Norway Maple,Bread - Corn Muffaletta,213,3,60,8/22/2019
11457,20291,Norway Maple,Turkey Tenderloin Frozen,220,9,60,8/22/2019
11458,20413,Hoffman,Soup Campbells - Tomato Bisque,352,9,40,10/26/2019
11458,20413,Hoffman,"Mushroom - Enoki, Dry",279,5,40,10/26/2019
11459,20589,Northwestern,Whmis - Spray Bottle Trigger,228,9,10,11/18/2019
11460,20692,Spaight,Teriyaki Sauce,237,8,30,11/8/2019
11460,20692,Spaight,"Trout - Hot Smkd, Dbl Fillet",109,4,30,11/8/2019
11460,20692,Spaight,Chicken Breast Wing On,63,3,30,11/8/2019
11462,20792,Meadow Ridge,Petit Baguette,482,6,30,5/4/2020
11462,20792,Meadow Ridge,"Juice - Cranberry, 341 Ml",411,3,30,5/4/2020
11463,20000,Gina,"Lentils - Green, Dry",419,2,20,12/11/2019
11463,20000,Gina,"Potatoes - Yukon Gold, 80 Ct",190,9,20,12/11/2019
11465,20654,School,Paper Towel Touchless,187,2,10,12/30/2019
11467,20101,Utah,Sobe - Lizard Fuel,291,2,10,12/14/2019
11467,20101,Utah,Lemonade - Pineapple Passion,120,3,10,12/14/2019
11467,20101,Utah,Syrup - Monin - Blue Curacao,381,4,10,12/14/2019
11467,20101,Utah,Hinge W Undercut,306,6,10,12/14/2019
11467,20101,Utah,Gelatine Powder,471,1,10,12/14/2019
11468,20454,Lerdahl,"Soup - Cream Of Broccoli, Dry",400,4,40,6/27/2020
11468,20454,Lerdahl,Cumin - Whole,295,4,40,6/27/2020
11468,20454,Lerdahl,Mikes Hard Lemonade,318,6,40,6/27/2020
11468,20454,Lerdahl,Lychee,75,6,40,6/27/2020
11469,20360,New Castle,"Yogurt - Strawberry, 175 Gr",367,7,60,6/27/2020
11470,20653,Thackeray,Yogurt - French Vanilla,68,4,10,6/7/2020
11470,20653,Thackeray,Pineapple - Golden,442,1,10,6/7/2020
11471,20542,Cascade,Ice Cream - Vanilla,319,4,10,3/16/2020
11473,20757,Burning Wood,"Croissant, Raw - Mini",185,8,60,6/21/2020
11473,20757,Burning Wood,Garlic Powder,397,7,60,6/21/2020
11473,20757,Burning Wood,Beef Ground Medium,194,1,60,6/21/2020
11475,20078,Cherokee,Prunes - Pitted,344,2,30,1/20/2020
11475,20078,Cherokee,Beef - Short Loin,210,8,30,1/20/2020
11476,20450,Barnett,"Placemat - Scallop, White",176,2,20,2/24/2020
11476,20450,Barnett,Beef - Flank Steak,180,4,20,2/24/2020
11479,20522,Steensland,Longan,190,9,60,5/5/2020
11479,20522,Steensland,Ice Cream Bar - Oreo Cone,387,8,60,5/5/2020
11479,20522,Steensland,Bread - Triangle White,181,1,60,5/5/2020
11480,20393,La Follette,Tomato Paste,445,10,20,3/16/2020
11480,20393,La Follette,Eggwhite Frozen,102,1,20,3/16/2020
11480,20393,La Follette,Ketchup - Tomato,471,8,20,3/16/2020
11481,20847,Heath,Wine - Ej Gallo Sierra Valley,300,10,60,7/12/2020
11482,20677,Kennedy,Soup - Campbells Asian Noodle,470,10,50,1/9/2020
11483,20093,Garrison,Tea - English Breakfast,378,1,50,5/13/2020
11484,20197,Hovde,Pastry - Apple Large,264,7,10,3/14/2020
11485,20548,Mitchell,Butter Balls Salted,127,5,20,2/23/2020
11485,20548,Mitchell,"Loaf Pan - 2 Lb, Foil",497,6,20,2/23/2020
11485,20548,Mitchell,Chocolate - Milk,366,9,20,2/23/2020
11486,20184,Warrior,Oregano - Fresh,241,8,50,2/10/2020
11486,20184,Warrior,"Pepper - Green, Chili",394,3,50,2/10/2020
11486,20184,Warrior,"Beef - Rouladin, Sliced",143,3,50,2/10/2020
11487,20653,Esker,Lobak,385,8,40,3/6/2020
11487,20653,Esker,Honey - Comb,175,6,40,3/6/2020
11488,20479,Pennsylvania,Icecream Bar - Del Monte,200,7,30,6/23/2020
11488,20479,Pennsylvania,Plate Pie Foil,152,2,30,6/23/2020
11489,20835,Bartelt,Mince Meat - Filling,390,6,50,7/7/2020
11491,20868,Dahle,Soup - Cream Of Potato / Leek,215,5,40,1/7/2020
11492,20514,Prairieview,Wine - Fat Bastard Merlot,88,10,60,4/13/2020
11492,20514,Prairieview,"Coke - Classic, 355 Ml",279,5,60,4/13/2020
11495,20213,Miller,Island Oasis - Wildberry,485,4,50,10/26/2019
11495,20213,Miller,Water - San Pellegrino,213,5,50,10/26/2019
11496,20442,Grim,Veal - Provimi Inside,281,3,20,10/21/2019
11496,20442,Grim,"Nut - Pecan, Pieces",139,6,20,10/21/2019
11496,20442,Grim,Lemon Pepper,458,10,20,10/21/2019
11497,20904,Blackbird,Cheese - Camembert,446,4,40,9/4/2019
11497,20904,Blackbird,"Dill - Primerba, Paste",315,6,40,9/4/2019
11498,20497,Barnett,Appetiser - Bought,75,5,40,4/20/2020
11498,20497,Barnett,"Beans - Turtle, Black, Dry",191,9,40,4/20/2020
11498,20497,Barnett,Parsley Italian - Fresh,141,9,40,4/20/2020
11498,20497,Barnett,Sultanas,347,10,40,4/20/2020
11499,20372,Cottonwood,Sole - Fillet,462,8,60,2/22/2020
11500,20738,Morning,Chinese Foods - Pepper Beef,491,7,30,3/16/2020
11500,20738,Morning,Aspic - Amber,500,5,30,3/16/2020
11500,20738,Morning,Cauliflower,467,1,30,3/16/2020
11501,20589,Sullivan,Buffalo - Striploin,399,5,20,6/27/2020
11501,20589,Sullivan,"Mushroom - Chanterelle, Dry",410,8,20,6/27/2020
11502,20898,Everett,Wine - Masi Valpolocell,485,6,50,11/24/2019
11502,20898,Everett,Pepper - Scotch Bonnet,420,9,50,11/24/2019
11503,20678,Del Mar,Puff Pastry - Slab,150,2,10,2/19/2020
11503,20678,Del Mar,Wine - Pinot Noir Pond Haddock,455,9,10,2/19/2020
11504,20235,Towne,Shiratamako - Rice Flour,480,10,20,5/2/2020
11506,20203,Talisman,The Pop Shoppe - Cream Soda,57,10,20,8/17/2019
11506,20203,Talisman,Cocktail Napkin Blue,69,9,20,8/17/2019
11506,20203,Talisman,Juice - Apple 284ml,462,1,20,8/17/2019
11508,20594,Sycamore,"Tomatoes - Vine Ripe, Yellow",318,2,40,8/22/2019
11508,20594,Sycamore,"Sauce - Black Current, Dry Mix",434,3,40,8/22/2019
11508,20594,Sycamore,Wine - Sawmill Creek Autumn,274,8,40,8/22/2019
11509,20771,Troy,Pickles - Gherkins,441,7,50,6/18/2020
11511,20420,Atwood,Durian Fruit,482,5,10,12/8/2019
11511,20420,Atwood,Pasta - Cheese / Spinach Bauletti,66,9,10,12/8/2019
11511,20420,Atwood,Beer - Fruli,435,9,10,12/8/2019
11513,20689,Darwin,"Flour - Corn, Fine",194,8,10,9/3/2019
11513,20689,Darwin,Pork - Ground,398,4,10,9/3/2019
11516,20670,Farmco,Beef - Bresaola,145,6,60,1/7/2020
11517,20173,Harper,Dasheen,216,6,20,7/25/2019
11517,20173,Harper,Lamb Rack Frenched Australian,456,5,20,7/25/2019
11518,20015,Luster,"Salt - Rock, Course",223,5,60,11/5/2019
11518,20015,Luster,Foam Cup 6 Oz,331,8,60,11/5/2019
11519,20793,Trailsway,Rice - Aborio,448,10,60,1/25/2020
11520,20010,Huxley,Tea - Green,391,1,40,11/21/2019
11521,20842,Carioca,Pastry - Choclate Baked,178,2,50,3/7/2020
11522,20923,Shoshone,Vinegar - Sherry,193,6,20,11/5/2019
11522,20923,Shoshone,Garbage Bags - Clear,144,2,20,11/5/2019
11522,20923,Shoshone,Molasses - Fancy,493,6,20,11/5/2019
11524,20836,Cherokee,"Fish - Base, Bouillion",418,2,20,11/15/2019
11525,20249,Oakridge,Cheese - Swiss,362,7,40,12/20/2019
11525,20249,Oakridge,Food Colouring - Green,165,3,40,12/20/2019
11525,20249,Oakridge,"Rum - Light, Captain Morgan",161,3,40,12/20/2019
11525,20249,Oakridge,Squash - Butternut,93,1,40,12/20/2019
11526,20782,Melvin,Hersey Shakes,172,9,40,2/19/2020
11526,20782,Melvin,"Cheese - Cheddar, Medium",51,3,40,2/19/2020
11527,20322,Rusk,Lettuce - Curly Endive,266,8,60,10/27/2019
11527,20322,Rusk,Tomatoes - Heirloom,195,7,60,10/27/2019
11528,20143,Bartelt,"Wine - White, Pinot Grigio",359,9,20,10/4/2019
11528,20143,Bartelt,Dawn Professionl Pot And Pan,342,9,20,10/4/2019
11530,20480,Kennedy,Grouper - Fresh,72,1,60,10/26/2019
11531,20484,Sunnyside,Chinese Foods - Chicken,367,5,20,12/27/2019
11531,20484,Sunnyside,Sauce - Roasted Red Pepper,303,4,20,12/27/2019
11533,20795,Ohio,Tea - Herbal - 6 Asst,106,1,60,8/20/2019
11533,20795,Ohio,Bar - Sweet And Salty Chocolate,298,2,60,8/20/2019
11534,20212,Cherokee,Wine - Acient Coast Caberne,334,7,60,8/2/2019
11534,20212,Cherokee,Thyme - Fresh,73,7,60,8/2/2019
11534,20212,Cherokee,Bag Stand,260,9,60,8/2/2019
11534,20212,Cherokee,Bread - White Mini Epi,174,2,60,8/2/2019
11534,20212,Cherokee,Coriander - Ground,471,5,60,8/2/2019
11534,20212,Cherokee,Halibut - Fletches,370,9,60,8/2/2019
11535,20413,Stoughton,Water - Spring 1.5lit,325,2,60,10/31/2019
11535,20413,Stoughton,Kippers - Smoked,128,2,60,10/31/2019
11537,20678,Merry,Soup Knorr Chili With Beans,303,8,50,6/5/2020
11537,20678,Merry,"Capon - Breast, Double, Wing On",479,7,50,6/5/2020
11538,20789,Clove,Nescafe - Frothy French Vanilla,162,5,20,9/22/2019
11538,20789,Clove,"Turkey - Breast, Boneless Sk On",119,6,20,9/22/2019
11539,20738,Tomscot,"Soup - Knorr, Chicken Noodle",58,2,20,9/4/2019
11539,20738,Tomscot,Curry Paste - Madras,367,9,20,9/4/2019
11540,20502,Carberry,Pastry - Plain Baked Croissant,197,6,20,7/27/2019
11542,20898,Russell,Petite Baguette,196,6,10,10/21/2019
11544,20223,6th,"Bread - Rolls, Corn",250,7,60,7/31/2019
11545,20904,Northview,Lime Cordial - Roses,306,6,30,3/13/2020
11545,20904,Northview,Scrubbie - Scotchbrite Hand Pad,111,4,30,3/13/2020
11545,20904,Northview,Beef Cheek Fresh,128,8,30,3/13/2020
11545,20904,Northview,Chocolate - Chips Compound,113,5,30,3/13/2020
11547,20304,Mandrake,"Cheese - Mozzarella, Shredded",118,6,60,5/21/2020
11547,20304,Mandrake,Radish,167,2,60,5/21/2020
11548,20678,Dottie,Mussels - Frozen,335,9,60,3/1/2020
11548,20678,Dottie,"Wine - Harrow Estates, Vidal",354,9,60,3/1/2020
11549,20453,Farwell,Milk - Skim,395,5,20,3/22/2020
11549,20453,Farwell,Tea - Herbal Sweet Dreams,386,6,20,3/22/2020
11550,20825,Manitowish,Ezy Change Mophandle,365,1,60,1/6/2020
11550,20825,Manitowish,Tea - Green,391,5,60,1/6/2020
11550,20825,Manitowish,Muffin Mix - Chocolate Chip,206,6,60,1/6/2020
11552,20283,Main,Lettuce - Red Leaf,320,3,60,1/1/2020
11552,20283,Main,"Veal - Chops, Split, Frenched",327,1,60,1/1/2020
11555,20527,Surrey,Wakami Seaweed,363,7,30,8/24/2019
11555,20527,Surrey,Okra,422,8,30,8/24/2019
11555,20527,Surrey,Tuna - Loin,252,2,30,8/24/2019
11556,20596,Elka,Spring Roll Veg Mini,237,6,60,1/20/2020
11557,20595,Southridge,Grenadillo,274,3,30,6/27/2020
11557,20595,Southridge,Cookie Dough - Peanut Butter,466,10,30,6/27/2020
11557,20595,Southridge,Scallop - St. Jaques,346,6,30,6/27/2020
11558,20260,Shasta,Pastry - Trippleberry Muffin - Mini,255,6,40,4/29/2020
11558,20260,Shasta,Clementine,422,2,40,4/29/2020
11559,20028,Spaight,"Jam - Strawberry, 20 Ml Jar",214,10,40,1/3/2020
11560,20336,Charing Cross,Instant Coffee,416,8,50,11/5/2019
11561,20267,Service,Chips - Doritos,238,4,60,8/20/2019
11561,20267,Service,"Tomatoes - Plum, Canned",455,9,60,8/20/2019
11561,20267,Service,Garlic - Peeled,468,10,60,8/20/2019
11562,20229,Buhler,"Cod - Salted, Boneless",372,7,50,7/29/2019
11563,20055,Ilene,Kellogs Cereal In A Cup,341,6,20,2/29/2020
11564,20359,Hoepker,Lidsoupcont Rp12dn,477,10,60,8/5/2019
11564,20359,Hoepker,Eggplant Oriental,371,4,60,8/5/2019
11565,20276,Harper,Lotus Rootlets - Canned,221,2,30,12/16/2019
11565,20276,Harper,Nantucket Orange Juice,272,4,30,12/16/2019
11566,20516,Harper,"Cheese - Romano, Grated",309,5,20,5/30/2020
11567,20483,Service,Juice - Cranberry 284ml,212,1,40,3/7/2020
11568,20400,Park Meadow,Fond - Chocolate,365,4,50,10/7/2019
11568,20400,Park Meadow,Tea - Honey Green Tea,415,6,50,10/7/2019
11568,20400,Park Meadow,"Ranchero - Primerba, Paste",320,8,50,10/7/2019
11570,20572,Commercial,Gherkin - Sour,451,8,60,8/3/2019
11570,20572,Commercial,Wine - Zinfandel Rosenblum,50,6,60,8/3/2019
11571,20303,Westridge,"Iced Tea - Lemon, 460 Ml",166,1,60,11/11/2019
11571,20303,Westridge,Spice - Chili Powder Mexican,310,2,60,11/11/2019
11572,20303,Esch,Cake - Box Window 10x10x2.5,383,2,10,1/4/2020
11572,20303,Esch,"Napkin - Dinner, White",233,5,10,1/4/2020
11574,20543,Jenna,Ecolab Silver Fusion,233,7,10,3/25/2020
11575,20276,Spaight,"Syrup - Golden, Lyles",372,7,50,12/6/2019
11575,20276,Spaight,Wood Chips - Regular,172,6,50,12/6/2019
11575,20276,Spaight,Lemon Tarts,110,2,50,12/6/2019
11576,20653,Upham,Venison - Racks Frenched,322,2,50,12/27/2019
11578,20339,Glacier Hill,Corn Shoots,453,3,30,7/8/2020
11578,20339,Glacier Hill,Squid - Tubes / Tenticles 10/20,380,4,30,7/8/2020
11578,20339,Glacier Hill,Mustard - Individual Pkg,375,3,30,7/8/2020
11579,20119,Mosinee,Sauce - Rosee,269,1,20,11/11/2019
11580,20015,Forest Run,Lidsoupcont Rp12dn,477,4,20,8/22/2019
11580,20015,Forest Run,Carbonated Water - Wildberry,85,7,20,8/22/2019
11586,20842,Acker,Muffin - Blueberry Individual,349,9,50,7/12/2020
11586,20842,Acker,Cheese - Swiss,362,7,50,7/12/2020
11588,20497,Straubel,"Red Snapper - Fillet, Skin On",177,8,10,2/16/2020
11588,20497,Straubel,Wine - Masi Valpolocell,485,7,10,2/16/2020
11588,20497,Straubel,Beets - Mini Golden,299,9,10,2/16/2020
11589,20960,Crescent Oaks,Mustard - Dijon,266,2,20,3/29/2020
11590,20993,Maryland,Lettuce - Romaine,281,9,10,8/10/2019
11591,20530,Scofield,Cranberries - Frozen,86,4,10,11/3/2019
11592,20413,Packers,Corn Kernels - Frozen,325,7,20,8/24/2019
11593,20739,Sloan,Scallops - In Shell,77,3,50,12/23/2019
11594,20835,Montana,Juice - Propel Sport,58,6,50,6/12/2020
11594,20835,Montana,Muffin Mix - Raisin Bran,400,6,50,6/12/2020
11594,20835,Montana,Whmis - Spray Bottle Trigger,228,2,50,6/12/2020
11594,20835,Montana,"Coconut - Shredded, Unsweet",238,7,50,6/12/2020
11595,20975,Fremont,Flavouring Vanilla Artificial,98,5,40,7/3/2020
11595,20975,Fremont,Capers - Pickled,363,10,40,7/3/2020
11596,20594,Crowley,Beef - Texas Style Burger,263,6,40,3/25/2020
11598,20589,Ridgeway,Bols Melon Liqueur,64,4,40,12/16/2019
11599,20087,Fordem,Rum - Mount Gay Eclipes,111,10,10,2/15/2020
11599,20087,Fordem,Bread - Assorted Rolls,283,2,10,2/15/2020
11599,20087,Fordem,"Extract - Vanilla,artificial",161,4,10,2/15/2020
11599,20087,Fordem,Sole - Iqf,212,5,10,2/15/2020
11601,20996,Armistice,Salt - Table,280,4,20,12/15/2019
11601,20996,Armistice,Cranberries - Fresh,364,5,20,12/15/2019
11602,20447,Crowley,Chivas Regal - 12 Year Old,114,4,60,12/25/2019
11603,20469,Maywood,Flour - Fast / Rapid,198,4,50,1/6/2020
11604,20411,Hallows,Oil - Safflower,352,8,30,4/24/2020
11604,20411,Hallows,Tuna - Bluefin,307,1,30,4/24/2020
11604,20411,Hallows,Kahlua,70,9,30,4/24/2020
11606,20091,Corscot,Pear - Halves,116,5,60,12/19/2019
11606,20091,Corscot,Tea - Herbal I Love Lemon,155,3,60,12/19/2019
11606,20091,Corscot,"Cheese - Mozzarella, Buffalo",342,7,60,12/19/2019
11606,20091,Corscot,"Cheese - Brie,danish",214,6,60,12/19/2019
11607,20209,International,Passion Fruit,477,9,30,8/6/2019
11607,20209,International,"Glass - Wine, Plastic, Clear 5 Oz",219,1,30,8/6/2019
11607,20209,International,Chocolate Bar - Oh Henry,446,6,30,8/6/2019
11608,20087,Manufacturers,Onion Powder,487,6,50,4/5/2020
11609,20480,Magdeline,"Cup - 3.5oz, Foam",253,8,20,2/17/2020
11610,20514,Gulseth,Chick Peas - Dried,373,6,30,8/6/2019
11611,20086,Lien,Potatoes - Peeled,232,1,50,7/16/2020
11611,20086,Lien,Chicken Giblets,159,10,50,7/16/2020
11612,20924,Bunting,Wine - Guy Sage Touraine,464,1,60,12/29/2019
11612,20924,Bunting,Cheese - Swiss Sliced,435,3,60,12/29/2019
11613,20026,8th,Wine - Black Tower Qr,480,2,40,4/2/2020
11613,20026,8th,Wine - Touraine Azay - Le - Rideau,81,7,40,4/2/2020
11613,20026,8th,Corn Meal,128,2,40,4/2/2020
11615,20579,Laurel,Asparagus - Mexican,229,7,30,3/29/2020
11615,20579,Laurel,Cheese - Swiss,362,8,30,3/29/2020
11615,20579,Laurel,Rosemary - Fresh,163,5,30,3/29/2020
11616,20845,Oakridge,Bagel - Sesame Seed Presliced,241,4,60,12/8/2019
11616,20845,Oakridge,Wine - Sicilia Igt Nero Avola,393,6,60,12/8/2019
11616,20845,Oakridge,Evaporated Milk - Skim,231,6,60,12/8/2019
11617,20668,Thackeray,"Wine - White, Antinore Orvieto",72,8,60,7/24/2019
11617,20668,Thackeray,Appetizer - Asian Shrimp Roll,431,5,60,7/24/2019
11617,20668,Thackeray,"Pasta - Shells, Medium, Dry",161,9,60,7/24/2019
11618,20672,Summer Ridge,"Tea - Darjeeling, Azzura",317,8,60,11/25/2019
11618,20672,Summer Ridge,Ice Cream Bar - Oreo Cone,387,8,60,11/25/2019
11619,20689,Eliot,Cheese - Grie Des Champ,284,3,40,12/9/2019
11620,20359,Laurel,"Chilli Paste, Sambal Oelek",354,6,50,2/28/2020
11621,20782,Farragut,Sugar - Palm,158,1,40,4/28/2020
11621,20782,Farragut,Pomello,429,7,40,4/28/2020
11621,20782,Farragut,"Nut - Walnut, Pieces",458,10,40,4/28/2020
11622,20028,Nevada,"Pail - 15l White, With Handle",336,1,30,7/18/2020
11624,20461,Sauthoff,Foil Cont Round,325,2,60,2/1/2020
11624,20461,Sauthoff,Blackberries,305,1,60,2/1/2020
11624,20461,Sauthoff,Oil - Canola,101,3,60,2/1/2020
11625,20093,Tony,Eggs - Extra Large,440,6,40,2/1/2020
11625,20093,Tony,Grenadine,319,3,40,2/1/2020
11626,20232,Marquette,Onions Granulated,454,9,20,7/2/2020
11626,20232,Marquette,Corn - On The Cob,257,9,20,7/2/2020
11626,20232,Marquette,Seabream Whole Farmed,276,4,20,7/2/2020
11626,20232,Marquette,Sauce - Demi Glace,405,7,20,7/2/2020
11627,20579,Manitowish,Oil - Olive Bertolli,189,3,40,12/24/2019
11627,20579,Manitowish,Baking Powder,189,9,40,12/24/2019
11628,20026,Cascade,"Mushroom - Enoki, Fresh",382,3,20,3/17/2020
11628,20026,Cascade,Sauce - Fish 25 Ozf Bottle,280,8,20,3/17/2020
11628,20026,Cascade,Nantucket Apple Juice,53,9,20,3/17/2020
11628,20026,Cascade,Juice - Lemon,203,3,20,3/17/2020
11628,20026,Cascade,Miso - Soy Bean Paste,208,10,20,3/17/2020
11628,20026,Cascade,Onions - White,78,10,20,3/17/2020
11630,20056,Kensington,Bread Sour Rolls,215,1,60,2/26/2020
11630,20056,Kensington,Tea - Honey Green Tea,415,1,60,2/26/2020
11630,20056,Kensington,Onions - Spanish,157,8,60,2/26/2020
11630,20056,Kensington,Persimmons,69,8,60,2/26/2020
11630,20056,Kensington,Longan,190,3,60,2/26/2020
11631,20432,Cascade,"Radish - Black, Winter, Organic",462,8,40,1/1/2020
11631,20432,Cascade,"Soup - Campbells, Creamy",386,6,40,1/1/2020
11631,20432,Cascade,Trout - Smoked,128,6,40,1/1/2020
11631,20432,Cascade,Cookies - Englishbay Chochip,288,3,40,1/1/2020
11631,20432,Cascade,Coconut - Whole,163,9,40,1/1/2020
11632,20148,Golf,Vol Au Vents,466,8,30,7/16/2020
11632,20148,Golf,Soup - Campbells,176,6,30,7/16/2020
11633,20464,Northridge,Veal - Striploin,436,7,20,8/11/2019
11633,20464,Northridge,Chocolate Liqueur - Godet White,254,7,20,8/11/2019
11635,20977,Stuart,Ginsing - Fresh,149,10,60,11/28/2019
11635,20977,Stuart,Lentils - Green Le Puy,447,1,60,11/28/2019
11637,20867,Waubesa,"Rum - White, Gg White",328,7,10,11/9/2019
11638,20892,Esker,Wine - Ej Gallo Sonoma,471,2,60,5/5/2020
11638,20892,Esker,Juice - Ocean Spray Cranberry,241,1,60,5/5/2020
11638,20892,Esker,Sauce - Hp,243,6,60,5/5/2020
11639,20773,Grover,Smirnoff Green Apple Twist,80,3,10,12/23/2019
11639,20773,Grover,"Wine - Red, Antinori Santa",279,4,10,12/23/2019
11640,20933,Pine View,Cheese - Le Cru Du Clocher,377,3,40,8/26/2019
11640,20933,Pine View,Flour Pastry Super Fine,141,7,40,8/26/2019
11641,20810,Pawling,Appetizer - Mushroom Tart,184,10,30,6/12/2020
11641,20810,Pawling,Milk - Chocolate 250 Ml,453,7,30,6/12/2020
11641,20810,Pawling,"Crab - Dungeness, Whole",55,9,30,6/12/2020
11641,20810,Pawling,Canadian Emmenthal,485,8,30,6/12/2020
11641,20810,Pawling,Crackers - Melba Toast,362,10,30,6/12/2020
11642,20189,Sommers,"Fish - Atlantic Salmon, Cold",281,3,60,9/11/2019
11643,20654,Colorado,Veal - Slab Bacon,459,8,30,12/12/2019
11643,20654,Colorado,Chocolate - Feathers,386,10,30,12/12/2019
11643,20654,Colorado,Wine - Duboeuf Beaujolais,447,9,30,12/12/2019
11644,20832,Vidon,Cocoa Powder - Natural,420,7,40,11/21/2019
11644,20832,Vidon,Vegetable - Base,73,4,40,11/21/2019
11644,20832,Vidon,"Rum - Spiced, Captain Morgan",293,3,40,11/21/2019
11645,20303,Shasta,Napkin White - Starched,449,5,30,6/3/2020
11645,20303,Shasta,Rhubarb,251,7,30,6/3/2020
11646,20093,Morningstar,Initation Crab Meat,249,10,30,11/9/2019
11647,20799,Crowley,Tahini Paste,178,6,20,10/27/2019
11648,20088,Sauthoff,Bread Crumbs - Japanese Style,308,1,60,3/10/2020
11649,20078,Merry,Soup - Campbells Beef Stew,388,9,60,5/24/2020
11649,20078,Merry,Milk - Chocolate 250 Ml,453,1,60,5/24/2020